"","BiasXP_TBATS","VarianceXP_TBATS","CPUtimeXP_TBATS"
"1",-0.00494196089451754,0.000270242971539487,0.160363343974175
"2",-0.011779023586244,0.000649705511478069,NA
"3",-0.0231402046951532,0.00154931478169148,NA
"4",-0.0392151738668267,0.00332576352806845,NA
"5",-0.0608013493756856,0.00663710171322868,NA
"6",-0.0883736622812619,0.0122889536499274,NA
"7",-0.122273357041166,0.0214984928205778,NA
"8",-0.162393585111358,0.0354900282952645,NA
"9",-0.208720271491881,0.0558954304470786,NA
"10",-0.260742310817474,0.0841311049406583,NA
"11",-0.317961518520149,0.121749806447519,NA
"12",-0.379546540072948,0.169821582014609,NA
"13",-0.444652750810304,0.229252201244844,NA
"14",-0.512232325780531,0.300219116016778,NA
"15",-0.581210639100271,0.382495738802123,NA
"16",-0.650481486589612,0.475122597560257,NA
"17",-0.718925126272602,0.576676321639476,NA
"18",-0.785470151691603,0.685126039386961,NA
"19",-0.849112054883627,0.798176873498197,NA
"20",-0.908940176288377,0.9131681425911,NA
"21",-0.964133821681452,1.02740530556268,NA
"22",-1.01402665309496,1.13815986872584,NA
"23",-1.05803681629178,1.24287489343547,NA
"24",-1.09575338557746,1.33920232316954,NA
"25",-1.12684739990904,1.42512988315997,NA
"26",-1.1511533084068,1.49899090155134,NA
"27",-1.16856901392498,1.55951028745951,NA
"28",-1.17914087037192,1.60580105858872,NA
"29",-1.18295849165327,1.63734621492054,NA
"30",-1.18023636777478,1.65397345635424,NA
"31",-1.17121315866535,1.6558115366408,NA
"32",-1.15623098802564,1.64325850197541,NA
"33",-1.1356367245486,1.61692746281149,NA
"34",-1.10986010914044,1.57762457504647,NA
"35",-1.07931993758865,1.52630324503348,NA
"36",-1.04449627371926,1.4640507219174,NA
"37",-1.00584331576268,1.39205860133358,NA
"38",-0.963855973469185,1.31161969279805,NA
"39",-0.918988501771649,1.22411040117708,NA
"40",-0.871715473480308,1.13099328894442,NA
"41",-0.822458079558782,1.03380607130109,NA
"42",-0.771640338869014,0.93416169505223,NA
"43",-0.719622636767673,0.833730241446173,NA
"44",-0.666756604386401,0.73422950503523,NA
"45",-0.613325636016663,0.637387313099135,NA
"46",-0.559598382475558,0.544913676803865,NA
"47",-0.505778453623505,0.458443243372381,NA
"48",-0.452055768953699,0.379489774064525,NA
"49",-0.398563950362543,0.309376716179217,NA
"50",-0.345429886211404,0.249188542756408,NA
"51",-0.292737262980818,0.19970806341297,NA
"52",-0.240573045989922,0.161383505084971,NA
"53",-0.188995698657417,0.134293851043146,NA
"54",-0.138077761402736,0.118148431352202,NA
"55",-0.0878772246415047,0.112294984464835,NA
"56",-0.0384760391213468,0.115758458807586,NA
"57",0.0100461829694777,0.127293342909352,NA
"58",0.0575775534918603,0.145453136606671,NA
"59",0.103997992682043,0.168672360161807,NA
"60",0.149148123195444,0.1953436863176,NA
"61",0.192851240500716,0.223903334798018,NA
"62",0.234885343571403,0.252887564249781,NA
"63",0.275003585037822,0.280996043240449,NA
"64",0.312909649213854,0.307108488725044,NA
"65",0.348277698847429,0.330314920497926,NA
"66",0.380732151894239,0.349892330231296,NA
"67",0.409868620731094,0.365309543263414,NA
"68",0.435239234198776,0.376180868453823,NA
"69",0.456376103478793,0.382264922873837,NA
"70",0.472782978107905,0.383418405828561,NA
"71",0.483962013494645,0.379607999074994,NA
"72",0.489411561260743,0.370882516577636,NA
"73",0.488655618369623,0.357408022137472,NA
"74",0.481246263735856,0.339465491349906,NA
"75",0.466793929767193,0.317506736872936,NA
"76",0.444971457852995,0.292170799034579,NA
"77",0.415542786742924,0.264345161265751,NA
"78",0.378365312960897,0.235181375864723,NA
"79",0.33341303165075,0.206134517424781,NA
"80",0.280775687878769,0.178952929096433,NA
"81",0.220674083402964,0.155668736044682,NA
"82",0.153452698050856,0.138539098751995,NA
"83",0.0795878180989056,0.129973836196203,NA
"84",-0.000326113091859848,0.132423589417404,NA
"85",-0.0855764437061031,0.148249753879777,NA
"86",-0.175350596757155,0.179577123552779,NA
"87",-0.268741243494231,0.228134039197576,NA
"88",-0.364768314700643,0.29510484840332,NA
"89",-0.462387512773464,0.380983067048917,NA
"90",-0.560513375964608,0.485468482202995,NA
"91",-0.658029500716184,0.607379638270908,NA
"92",-0.753811509947047,0.744637262966342,NA
"93",-0.846737681154504,0.894272493550703,NA
"94",-0.935710928138788,1.05252072701347,NA
"95",-1.01966934232986,1.21493873714622,NA
"96",-1.09760650647355,1.37660419534802,NA
"97",-1.16858179597235,1.53232428431588,NA
"98",-1.23173827738811,1.6769048347894,NA
"99",-1.28631119053852,1.8054015109971,NA
"100",-1.33164359976847,1.91340104980264,NA
"101",-1.36719136084298,1.9972483327284,NA
"102",-1.39253424750611,2.05426683714358,NA
"103",-1.40737681511418,2.08289542657286,NA
"104",-1.41155347504119,2.08278439867458,NA
"105",-1.40502389869061,2.054791280048,NA
"106",-1.38787224080988,2.00092149408813,NA
"107",-1.36029669422809,1.92417249294091,NA
"108",-1.32260402034805,1.82833614113193,NA
"109",-1.27519534465051,1.71773579212238,NA
"110",-1.21855793834379,1.59695591313597,NA
"111",-1.15325052677144,1.4705571982507,NA
"112",-1.07989582528436,1.34282644083628,NA
"113",-0.999168584299234,1.21755980113474,NA
"114",-0.911791382337153,1.09791101903782,NA
"115",-0.818528190310132,0.986303335157456,NA
"116",-0.720184955643969,0.88441220976698,NA
"117",-0.617608204782435,0.793213406677781,NA
"118",-0.511689602180049,0.7130849365645,NA
"119",-0.403367215246563,0.643951353019793,NA
"120",-0.293630431724252,0.585445784764216,NA
"121",-0.183519668359365,0.537076140305137,NA
"122",-0.0741266113433919,0.498365039892966,NA
"123",0.033412389422712,0.468955090030035,NA
"124",0.137924679847365,0.448654532217943,NA
"125",0.238217752312258,0.437428698179586,NA
"126",0.333098224081066,0.435329364707828,NA
"127",0.421398532741338,0.442386233272533,NA
"128",0.502003968556528,0.458469651006658,NA
"129",0.573886155971367,0.483161329427964,NA
"130",0.636133860917061,0.515646912670333,NA
"131",0.687985622576485,0.554659897177609,NA
"132",0.728856801848445,0.598479830389468,NA
"133",0.758363489122049,0.644991633084333,NA
"134",0.776338447803175,0.691792817365073,NA
"135",0.782839834346685,0.736333534246095,NA
"136",0.778149511889256,0.776068465622517,NA
"137",0.762764602600922,0.808605219498045,NA
"138",0.737376993600544,0.831830930860926,NA
"139",0.702847694574089,0.844015327230869,NA
"140",0.660172269945904,0.843886967977612,NA
"141",0.610443220338719,0.830688203565439,NA
"142",0.554807969910836,0.804215445925901,NA
"143",0.494427803328408,0.764849090348804,NA
"144",0.430436923448453,0.713576425254816,NA
"145",0.363906441113092,0.652004129726479,NA
"146",0.295812236730306,0.582356573254454,NA
"147",0.227010611637235,0.507450873308002,NA
"148",0.158219884859607,0.430642730170821,NA
"149",0.0900107402508251,0.355735971074363,NA
"150",0.0228028929925564,0.28685473091047,NA
"151",-0.0431304451528118,0.22827879879929,NA
"152",-0.107653093691506,0.184249079080133,NA
"153",-0.170750742181024,0.158752443414815,NA
"154",-0.232512985501335,0.15529958570764,NA
"155",-0.293112248875218,0.176711284604923,NA
"156",-0.352782299321568,0.224929496659044,NA
"157",-0.411795730651255,0.300869701526161,NA
"158",-0.47044297451297,0.404328135140351,NA
"159",-0.529011706326659,0.533954833391019,NA
"160",-0.587768744557854,0.687297089358697,NA
"161",-0.646943096009736,0.860913317793987,NA
"162",-0.706711762064921,1.05054942551904,NA
"163",-0.767186817792665,1.25136549432799,NA
"164",-0.82840530586758,1.45819470185463,NA
"165",-0.890320349863522,1.6658143996632,NA
"166",-0.952794990554071,1.869207722298,NA
"167",-1.01559746667036,2.06379579666029,NA
"168",-1.07839933152843,2.2456232028669,NA
"169",-1.14077523877353,2.41148356071421,NA
"170",-1.20220593887014,2.55897862126937,NA
"171",-1.2620832107174,2.68650845308274,NA
"172",-1.3197181096895,2.79319884424677,NA
"173",-1.3743513692459,2.87877537119878,NA
"174",-1.42516680694803,2.94340079272237,NA
"175",-1.47130656858636,2.98749338505871,NA
"176",-1.51188873908322,3.01154838791208,NA
"177",-1.54602596957428,3.01598097772265,NA
"178",-1.57284538231577,3.00101049860089,NA
"179",-1.59150850786583,2.96659806982446,NA
"180",-1.60123123158571,2.91244745502461,NA
"181",-1.60130260469485,2.83806942046795,NA
"182",-1.59110299125093,2.74290829548117,NA
"183",-1.57011990828499,2.62651589579122,NA
"184",-1.53796265071782,2.4887613720273,NA
"185",-1.49437439752107,2.33005265026584,NA
"186",-1.43924283558355,2.15155011212079,NA
"187",-1.37260772902225,1.95534325078607,NA
"188",-1.29466732131612,1.74457340265552,NA
"189",-1.20578196434877,1.52347776340046,NA
"190",-1.10647632218361,1.29734476329584,NA
"191",-0.99743818249099,1.07236900369481,NA
"192",-0.879516621193065,0.855414673079106,NA
"193",-0.753715696322033,0.65368970052261,NA
"194",-0.62118700506431,0.474357629091209,NA
"195",-0.483218389103939,0.324107966906258,NA
"196",-0.34122005544931,0.208718796395746,NA
"197",-0.196706725891868,0.132643648275668,NA
"198",-0.0512775390422242,0.098657596414542,NA
"199",0.0934077477228431,0.107591467003721,NA
"200",0.235654780556467,0.158179801617674,NA
"201",0.373763009498863,0.247039744736121,NA
"202",0.506055222507886,0.368788562948554,NA
"203",0.630907937450287,0.516297814480439,NA
"204",0.746780949026028,0.681070067416963,NA
"205",0.85224656856875,0.853716943345578,NA
"206",0.946015122927343,1.02450303600559,NA
"207",1.02695890738584,1.18392218920848,NA
"208",1.09413144145321,1.32326131272671,NA
"209",1.14678246062592,1.43511257525365,NA
"210",1.18436903211946,1.51379890428075,NA
"211",1.20656123242878,1.55568034137841,NA
"212",1.21324340008857,1.55932271631896,NA
"213",1.20451111015061,1.52551943395158,NA
"214",1.18066462530042,1.45716916257693,NA
"215",1.14219787841389,1.35901904904593,NA
"216",1.08978608172402,1.23730195689834,NA
"217",1.02426905058107,1.09928967891789,NA
"218",0.946634645484336,0.952805937362188,NA
"219",0.857999287661812,0.805728092024064,NA
"220",0.759587968514598,0.665518163583521,NA
"221",0.652713556465743,0.538813934199727,NA
"222",0.53875530467295,0.431105619091346,NA
"223",0.419137135585887,0.3465167826825,NA
"224",0.295305852823111,0.287698615815672,NA
"225",0.168709596504516,0.255837493724439,NA
"226",0.0407767383913451,0.250767157855382,NA
"227",-0.0871042123178206,0.271169061276258,NA
"228",-0.213603393945124,0.314838146015112,NA
"229",-0.337466404054484,0.378986530022653,NA
"230",-0.457528854063738,0.460555321505901,NA
"231",-0.572728079167354,0.556504285953746,NA
"232",-0.682111830582623,0.664051845149749,NA
"233",-0.784843261606459,0.780841892319888,NA
"234",-0.880203450505638,0.905023868868785,NA
"235",-0.967589477916119,1.03523705365162,NA
"236",-1.04651098045486,1.17050734354152,NA
"237",-1.11658429662955,1.31006958342929,NA
"238",-1.17752467886792,1.45313844515264,NA
"239",-1.22913896792246,1.59866173374772,NA
"240",-1.27131806685267,1.74508678404763,NA
"241",-1.30403056907043,1.89017427942426,NA
"242",-1.32731861483822,2.03088990344582,NA
"243",-1.34129563936677,2.16339400895939,NA
"244",-1.3461462870134,2.28314186382484,NA
"245",-1.34212889921613,2.38509713531316,NA
"246",-1.32957896660863,2.46404440665465,NA
"247",-1.30891350760892,2.51497961510722,NA
"248",-1.2806349900099,2.53354341440395,NA
"249",-1.24533367171385,2.51645546132823,NA
"250",-1.20368719232207,2.46190310462801,NA
"251",-1.15645638072801,2.36983898299974,NA
"252",-1.10447632707618,2.24214814422373,NA
"253",-1.04864249177779,2.0826586217041,NA
"254",-0.989891549734693,1.89698477774962,NA
"255",-0.929177621752426,1.69221296550431,NA
"256",-0.867444621774285,1.47645646442043,NA
"257",-0.805596200430986,1.2583223588605,NA
"258",-0.744464750130752,1.04634133583479,NA
"259",-0.684781627292549,0.848414282672258,NA
"260",-0.627150305460976,0.671323650503344,NA
"261",-0.572024494791829,0.520347846732112,NA
"262",-0.519692901675017,0.399003010180293,NA
"263",-0.470271740522369,0.308922134716273,NA
"264",-0.423706002955638,0.249869331478199,NA
"265",-0.379779612829135,0.219876873256995,NA
"266",-0.338134090625462,0.21548634540859,NA
"267",-0.298294863721983,0.232071506212254,NA
"268",-0.259703849063577,0.26421851827745,NA
"269",-0.221756292720854,0.306137986284964,NA
"270",-0.183840143325873,0.352082961775165,NA
"271",-0.145375118379684,0.396746263499759,NA
"272",-0.105850372133611,0.435611913181801,NA
"273",-0.0648576237931013,0.465236605558297,NA
"274",-0.0221189946455206,0.483442149037604,NA
"275",0.0224925935918594,0.489405413170563,NA
"276",0.0689397557644481,0.483640479422094,NA
"277",0.117015266786485,0.46787581727259,NA
"278",0.166345050466297,0.444838361571009,NA
"279",0.216397109861052,0.417962983748106,NA
"280",0.266497446557134,0.391051975972454,NA
"281",0.31585067147554,0.367912138039934,NA
"282",0.363564519810867,0.351998601181085,NA
"283",0.408676658921849,0.346093429250665,NA
"284",0.450182902657899,0.352044744092944,NA
"285",0.487065457353694,0.370587408620548,NA
"286",0.518320553420718,0.401260818404984,NA
"287",0.542984683579577,0.442431986658765,NA
"288",0.560158563222402,0.491423587792563,NA
"289",0.56902997868674,0.544740192687115,NA
"290",0.568892752852559,0.598373208854792,NA
"291",0.559164461970793,0.648163629589666,NA
"292",0.539401260753457,0.690191486777273,NA
"293",0.509310012120728,0.721159759694086,NA
"294",0.468758372362048,0.738740480955958,NA
"295",0.417781414229614,0.741850862571812,NA
"296",0.356586239144703,0.730835085861616,NA
"297",0.285553013953502,0.707531384584399,NA
"298",0.205233128525802,0.675215079831397,NA
"299",0.116343875517304,0.638416931643247,NA
"300",0.019760159126598,0.602627079533164,NA
"301",-0.0834978008635541,0.573904153983693,NA
"302",-0.192279039325953,0.558418398012788,NA
"303",-0.30531994925774,0.561963330163339,NA
"304",-0.421265121139412,0.589475065755839,NA
"305",-0.538689152632351,0.644597195586841,NA
"306",-0.656120939038191,0.729328066952042,NA
"307",-0.77206824187872,0.843779405995406,NA
"308",-0.885042617448003,0.986067669620341,NA
"309",-0.993583917546089,1.15234863720266,NA
"310",-1.09628398718014,1.33699496568139,NA
"311",-1.19180905387507,1.53290508004311,NA
"312",-1.27892049237663,1.73192174366698,NA
"313",-1.3564939239757,1.92533072570896,NA
"314",-1.42353604174205,2.10440221469405,NA
"315",-1.4791997470455,2.26093711834156,NA
"316",-1.52279713560063,2.38777750252255,NA
"317",-1.55380991497476,2.47924299371448,NA
"318",-1.57189819572816,2.53146509446693,NA
"319",-1.57690662556084,2.54259397836372,NA
"320",-1.56886735217805,2.51286383836332,NA
"321",-1.54800120385726,2.44452007978525,NA
"322",-1.51471520911936,2.34161211812618,NA
"323",-1.46959643598575,2.20967113233627,NA
"324",-1.41340305190172,2.05530272394412,NA
"325",-1.34705097790035,1.88572209848714,NA
"326",-1.27159765753028,1.70827163963062,NA
"327",-1.18822146275838,1.5299521890136,NA
"328",-1.0981989255973,1.35700706616823,NA
"329",-1.00287838800059,1.1945833829697,NA
"330",-0.903652675999067,1.04649832749558,NA
"331",-0.801930127867383,0.915121264868619,NA
"332",-0.699105691317729,0.801378303846055,NA
"333",-0.596532877586857,0.704873311491381,NA
"334",-0.495497413934137,0.62410979463536,NA
"335",-0.397193496923588,0.55678975777622,NA
"336",-0.302703483688779,0.500159232534338,NA
"337",-0.212981265541739,0.451366326372821,NA
"338",-0.128839980582943,0.40779796591718,NA
"339",-0.0509439507030329,0.367363973705279,NA
"340",0.0201953991101978,0.328703294850902,NA
"341",0.0842187161077725,0.29129522761234,NA
"342",0.14091584519124,0.255467942122251,NA
"343",0.190218551806508,0.222306995340886,NA
"344",0.232190912238214,0.193475758322412,NA
"345",0.267018004724237,0.170968707480287,NA
"346",0.29499277719872,0.156824379735209,NA
"347",0.316501036244714,0.15282816599149,NA
"348",0.332006769789603,0.160237251013805,NA
"349",0.342035670272304,0.179555143001411,NA
"350",0.347158894825147,0.210380390540807,NA
"351",0.347976443111883,0.251345230397971,NA
"352",0.345100610979306,0.300151791851535,NA
"353",0.339139751435773,0.353704122236046,NA
"354",0.330682652515906,0.408325478673452,NA
"355",0.320283943921366,0.460042602596958,NA
"356",0.308450943347299,0.504912513477184,NA
"357",0.295632455052965,0.53936324579456,NA
"358",0.282209821884717,0.560517919121627,NA
"359",0.268490936710977,0.566472326015681,NA
"360",0.254707180009533,0.55649887355547,NA
"361",0.241013624437801,0.531155558372644,NA
"362",0.227492405095114,0.492286240894689,NA
"363",0.214159025747007,0.442907956288871,NA
"364",0.20097102580463,0.386991224720974,NA
"365",0.18783845032088,0.329149537567131,NA
"366",0.174635148048504,0.274262946623898,NA
"367",0.161210130034666,0.227067491477923,NA
"368",0.147397988407438,0.191745951237391,NA
"369",0.133027476804617,0.171556164119948,NA
"370",0.117927730028223,0.168530895409472,NA
"371",0.101931548138269,0.183278033663588,NA
"372",0.084875778042522,0.214902476508129,NA
"373",0.0665989156344763,0.261061483826494,NA
"374",0.0469365058655507,0.318154222633732,NA
"375",0.0257152835786848,0.381634121832288,NA
"376",0.00274717875829887,0.446420334937691,NA
"377",-0.0221761363270919,0.507373327258593,NA
"378",-0.0492858935600179,0.55979086740947,NA
"379",-0.078836047445669,0.599875843313077,NA
"380",-0.11109876166182,0.625127954200998,NA
"381",-0.146354868894946,0.634617577254251,NA
"382",-0.184880128943863,0.629112219060772,NA
"383",-0.226926795839586,0.611041519853582,NA
"384",-0.272701309415816,0.584304218393998,NA
"385",-0.322340397460577,0.553937649571509,NA
"386",-0.375885454103775,0.525682327495653,NA
"387",-0.433259024337738,0.505484310945113,NA
"388",-0.494243862793936,0.498979322696136,NA
"389",-0.558466916124829,0.511001605757587,NA
"390",-0.625389861986756,0.545154975581791,NA
"391",-0.694307341802882,0.603476116364959,NA
"392",-0.764353748463938,0.686212548072005,NA
"393",-0.834518606412618,0.791729709568892,NA
"394",-0.903670302698098,0.916554574729893,NA
"395",-0.970587311040931,1.055555732365,NA
"396",-1.03399507160501,1.20225079196873,NA
"397",-1.09260703461025,1.34922424490151,NA
"398",-1.14516803237846,1.48862977419133,NA
"399",-1.19049723998222,1.61274064050936,NA
"400",-1.22752839010029,1.71450560304546,NA
"401",-1.25534653636052,1.78806831279508,NA
"402",-1.27321822544613,1.82920300170486,NA
"403",-1.28061466499259,1.83563058569593,NA
"404",-1.27722753129617,1.80718875142878,NA
"405",-1.2629756138863,1.74583764734445,NA
"406",-1.23800451215153,1.6555063046928,NA
"407",-1.20267845508553,1.54178988065148,NA
"408",-1.15756549077201,1.41152488467581,NA
"409",-1.1034180776337,1.27228024109398,NA
"410",-1.04114890664493,1.1318024483657,NA
"411",-0.971804403241369,0.997461867439844,NA
"412",-0.896536279941793,0.875741341702825,NA
"413",-0.816573171161249,0.771807790518349,NA
"414",-0.733191930337322,0.689195596318775,NA
"415",-0.647690341500302,0.629625734515318,NA
"416",-0.561361220374347,0.592970223823548,NA
"417",-0.475468265313008,0.577360790523201,NA
"418",-0.391223841032012,0.579428993876517,NA
"419",-0.309768814293879,0.594654831376334,NA
"420",-0.232154597177344,0.617792772090805,NA
"421",-0.159326870734825,0.643338535358351,NA
"422",-0.0921123050028257,0.665998714021899,NA
"423",-0.0312064710701321,0.681124676286175,NA
"424",0.0228342029996895,0.685077684755418,NA
"425",0.0695994624370417,0.675496812543241,NA
"426",0.10882794893274,0.651450779091226,NA
"427",0.140407718307979,0.613463750777706,NA
"428",0.164372975212919,0.56341580178101,NA
"429",0.180898497670139,0.504329426788406,NA
"430",0.190290002204321,0.440062202290266,NA
"431",0.192972201399227,0.374934359701008,NA
"432",0.18947482320789,0.313325031768231,NA
"433",0.180415488911051,0.259272543422558,NA
"434",0.166482379011573,0.21611475406216,NA
"435",0.148415351688033,0.186199744960965,NA
"436",0.126986418044032,0.170691323936264,NA
"437",0.102981278005373,0.169485221237252,NA
"438",0.0771807891301473,0.181240968695104,NA
"439",0.0503436895646917,0.203524985620273,NA
"440",0.0231905183444915,0.233050198807893,NA
"441",-0.00361095655451107,0.26598923213868,NA
"442",-0.029458910036218,0.298331827581917,NA
"443",-0.053828986448158,0.326253523106125,NA
"444",-0.0762843116055598,0.346461950315596,NA
"445",-0.0964838500930672,0.35648964601716,NA
"446",-0.114189160581362,0.354907760956145,NA
"447",-0.129269223758961,0.341442877377072,NA
"448",-0.141703477296406,0.316988676078066,NA
"449",-0.151582450613009,0.283514010369806,NA
"450",-0.159106009862387,0.243878497620687,NA
"451",-0.164578918908003,0.201574632036983,NA
"452",-0.168403329978036,0.160421159746171,NA
"453",-0.171068237648063,0.12423584409811,NA
"454",-0.173135935664727,0.0965164297068787,NA
"455",-0.175225355631755,0.0801568076730915,NA
"456",-0.177992989419476,0.077221827801747,NA
"457",-0.18211157976464,0.0887984942703573,NA
"458",-0.188247457163337,0.114934721216022,NA
"459",-0.197037221432119,0.154669172121474,NA
"460",-0.209064740458973,0.206147949990721,NA
"461",-0.224839262863973,0.266816314762868,NA
"462",-0.244775714237698,0.333667158078637,NA
"463",-0.269177767837791,0.403522805575171,NA
"464",-0.298224539709756,0.47332395322241,NA
"465",-0.331961223831171,0.540398843435622,NA
"466",-0.370294023794085,0.602687806738782,NA
"467",-0.412989364517875,0.65890238636113,NA
"468",-0.459677322690539,0.708604405330865,NA
"469",-0.509858807457256,0.752197512221317,NA
"470",-0.56291613855578,0.790831932326041,NA
"471",-0.618126497364586,0.826231152791824,NA
"472",-0.674677561138518,0.860456495164673,NA
"473",-0.731684797248664,0.895631758271685,NA
"474",-0.788210016097312,0.933654524809793,NA
"475",-0.843280493842303,0.97592217688726,NA
"476",-0.89590851832377,1.0231006341603,NA
"477",-0.945110883683861,1.07495996548897,NA
"478",-0.989928170293801,1.13029567043939,NA
"479",-1.02944356468084,1.18694663756423,NA
"480",-1.06280108325496,1.24191218532558,NA
"481",-1.08922232935899,1.29155992904036,NA
"482",-1.10802306251809,1.33191220173552,NA
"483",-1.11862654102736,1.35898231807021,NA
"484",-1.12057681023708,1.36913988224217,NA
"485",-1.11354728665225,1.35946412997984,NA
"486",-1.0973485992068,1.32806267252485,NA
"487",-1.07193136779503,1.27431667283899,NA
"488",-1.03738673467459,1.19903411996281,NA
"489",-0.993942420027939,1.10448884073359,NA
"490",-0.941956045803366,0.994340738820734,NA
"491",-0.881904352986445,0.87343652432124,NA
"492",-0.814370513116122,0.747508120554598,NA
"493",-0.740028888889223,0.622789725225312,NA
"494",-0.659629614711036,0.505587417124843,NA
"495",-0.573982002148087,0.401833939788235,NA
"496",-0.483939658667721,0.316668612782554,NA
"497",-0.390387059230835,0.254074829518806,NA
"498",-0.294228616312039,0.216604592277439,NA
"499",-0.196380740835083,0.205211288916914,NA
"500",-0.0977669688770848,0.219202812293759,NA
"501",0.000684111917616257,0.256317586116682,NA
"502",0.0980386209899179,0.312916460085546,NA
"503",0.193355533543886,0.384274083282807,NA
"504",0.285684852221643,0.464945298014717,NA
"505",0.374066243322096,0.549175313589908,NA
"506",0.457529990486753,0.631318436017505,NA
"507",0.535101257174643,0.706229369130063,NA
"508",0.605808192174004,0.76959367741785,NA
"509",0.668694910803571,0.818171721163582,NA
"510",0.722839261493008,0.849940131863576,NA
"511",0.767374796083137,0.864126617440479,NA
"512",0.801516451781156,0.861146481701356,NA
"513",0.82458827483724,0.842457905685721,NA
"514",0.836052220063915,0.810360555709685,NA
"515",0.835534989238289,0.767760691889512,NA
"516",0.822852557943016,0.717928024772203,NA
"517",0.798028904303532,0.664259245595763,NA
"518",0.761308399613316,0.610061807129777,NA
"519",0.713160540562082,0.558364664857352,NA
"520",0.654274692728274,0.511757815702731,NA
"521",0.585547571180077,0.472268889601584,NA
"522",0.508060544879831,0.441276952021166,NA
"523",0.423049957108984,0.419473471401078,NA
"524",0.331870890221565,0.406875842186871,NA
"525",0.235956385653315,0.402898570820717,NA
"526",0.136774248773634,0.406482224996324,NA
"527",0.0357834935130048,0.416273343702464,NA
"528",-0.0656073131671711,0.430841097105441,NA
"529",-0.166077816343041,0.448909578109789,NA
"530",-0.264428504248148,0.469580367917169,NA
"531",-0.359606315936393,0.492518802328924,NA
"532",-0.450722735234571,0.518079741121179,NA
"533",-0.537065156607134,0.54735574756586,NA
"534",-0.61809924908574,0.582135802550892,NA
"535",-0.693465402735988,0.624775651416965,NA
"536",-0.762969319273664,0.677988462331752,NA
"537",-0.826566595144035,0.744571111073089,NA
"538",-0.884344842847816,0.827093369785859,NA
"539",-0.936502415795221,0.927575779388696,NA
"540",-0.983326563372054,1.04718953515437,NA
"541",-1.02517081238412,1.18600636475987,NA
"542",-1.06243303821803,1.34282568710927,NA
"543",-1.09553472382865,1.51509878700817,NA
"544",-1.12490171425114,1.69896117958915,NA
"545",-1.15094680065842,1.88937493917086,NA
"546",-1.17405418278927,2.08037234756476,NA
"547",-1.19456586838019,2.26538308807747,NA
"548",-1.21276999625778,2.43761956441377,NA
"549",-1.22889105666291,2.59048978382853,NA
"550",-1.24308207287794,2.71800516107596,NA
"551",-1.25541876908624,2.8151511056159,NA
"552",-1.26589592981294,2.87819200858645,NA
"553",-1.27442599621074,2.90488748451371,NA
"554",-1.28084016155382,2.89460469752126,NA
"555",-1.28489195952086,2.84831955900447,NA
"556",-1.28626355319179,2.76850929089874,NA
"557",-1.28457458732734,2.65894695046112,NA
"558",-1.27939346318072,2.52441655928803,NA
"559",-1.27025081891914,2.37037372377216,NA
"560",-1.25665475561739,2.20258023796308,NA
"561",-1.23810739568756,2.02674291070824,NA
"562",-1.21412215788901,1.84818524704729,NA
"563",-1.18424118312683,1.67157708110543,NA
"564",-1.14805241669995,1.50074158460809,NA
"565",-1.1052057020568,1.33855127084369,NA
"566",-1.05542753935926,1.18691697895671,NA
"567",-0.998534177482382,1.04686523431174,NA
"568",-0.934442682511858,0.918691215727069,NA
"569",-0.863180196870408,0.802168684097296,NA
"570",-0.784890789716567,0.696791271940267,NA
"571",-0.699840484880964,0.602018799752792,NA
"572",-0.608420536059234,0.517500511537807,NA
"573",-0.511148224672884,0.443248563012205,NA
"574",-0.408666253815839,0.379742840566624,NA
"575",-0.301739947084939,0.327952775162833,NA
"576",-0.1912525526196,0.289272357452316,NA
"577",-0.0781984411039502,0.26537333014886,NA
"578",0.0363261774204304,0.257990696992568,NA
"579",0.151134950540976,0.268662544107955,NA
"580",0.264965682854878,0.298451296603621,NA
"581",0.376497421927987,0.34767639360483,NA
"582",0.484370126137258,0.415688160370926,NA
"583",0.587206863219095,0.500709797292474,NA
"584",0.68363800144577,0.599768783070819,NA
"585",0.772327059339214,0.708731829499397,NA
"586",0.851997276458293,0.822448143372223,NA
"587",0.921458261353067,0.934996511103402,NA
"588",0.979632236170562,1.04002277523335,NA
"589",1.02557729544517,1.13114151226558,NA
"590",1.05850979480018,1.20237733207525,NA
"591",1.0778213251198,1.24860390888529,NA
"592",1.08309355474479,1.26595227660784,NA
"593",1.07410729764924,1.25214734504315,NA
"594",1.05084672764228,1.20674525433949,NA
"595",1.01350049442482,1.13125328425624,NA
"596",0.962455894528951,1.02911097216263,NA
"597",0.898291099093669,0.905540120852089,NA
"598",0.82176243565574,0.767264755368423,NA
"599",0.733788862638829,0.622122857845553,NA
"600",0.63543446891574,0.478596884932743,NA
"601",0.527888088330633,0.345294077574475,NA
"602",0.412443356844808,0.23041749189965,NA
"603",0.290475967741291,0.141260876490171,NA
"604",0.163422349141004,0.0837679583897113,NA
"605",0.0327570381492152,0.0621840102746304,NA
"606",-0.100029075498834,0.0788254393585493,NA
"607",-0.23345028392224,0.133981489625666,NA
"608",-0.366046934453537,0.225953061035188,NA
"609",-0.49640540852433,0.35122309131947,NA
"610",-0.623176817996804,0.504743032151656,NA
"611",-0.745094427483049,0.680311846172005,NA
"612",-0.860988664970174,0.871015937866605,NA
"613",-0.969800571519405,1.0696963741103,NA
"614",-1.0705918708905,1.26940429134567,NA
"615",-1.16255220584754,1.46380926162996,NA
"616",-1.24500319920193,1.64752840494017,NA
"617",-1.31739893805826,1.81635026603857,NA
"618",-1.37932344664519,1.96733891149957,NA
"619",-1.43048478801281,2.09881253214906,NA
"620",-1.47070680456672,2.21020602926536,NA
"621",-1.49991955598325,2.30183891756527,NA
"622",-1.51814802436376,2.37461478030992,NA
"623",-1.52550141682723,2.42969288257263,NA
"624",-1.52216349639607,2.46816982457313,NA
"625",-1.50838391141405,2.49080614511022,NA
"626",-1.4844728787864,2.49783510063385,NA
"627",-1.45079822297776,2.48887252402542,NA
"628",-1.40778510526614,2.46294056949009,NA
"629",-1.35591876730721,2.41860660694982,NA
"630",-1.29574906488192,2.35422218144268,NA
"631",-1.22789615698984,2.26823767873448,NA
"632",-1.15305612574486,2.15955723076783,NA
"633",-1.07200523608672,2.02789164882721,NA
"634",-0.985601658928077,1.87406473001973,NA
"635",-0.894783292894086,1.70023004562736,NA
"636",-0.80056102288461,1.50996438525711,NA
"637",-0.704006587493281,1.30821613924398,NA
"638",-0.606235088808393,1.10110480240684,NA
"639",-0.508382269414415,0.895585609176214,NA
"640",-0.411578163201964,0.69901158390583,NA
"641",-0.316916626265477,0.518635414335818,NA
"642",-0.225425062225091,0.361104841281842,NA
"643",-0.138033049662527,0.231998999594293,NA
"644",-0.0555449950589965,0.135450897179981,NA
"645",0.0213835573470415,0.073884626897821,NA
"646",0.0922635924932616,0.0478834910937493,NA
"647",0.156782450970693,0.0561897883343244,NA
"648",0.214805447947616,0.0958249986634654,NA
"649",0.266369054782693,0.16231137219319,NA
"650",0.311665506523481,0.24997161124838,NA
"651",0.351020109737831,0.352282807566477,NA
"652",0.384862282373774,0.462261661248374,NA
"653",0.413692252256999,0.572859977581704,NA
"654",0.438045316593597,0.677350824647216,NA
"655",0.458455859722611,0.769686907897791,NA
"656",0.475423077510967,0.844813443949747,NA
"657",0.489380507512617,0.898919457098579,NA
"658",0.500670744988065,0.929613466698392,NA
"659",0.509526582793902,0.936013523996468,NA
"660",0.516059281557304,0.91874654730302,NA
"661",0.520254256996519,0.87985783056153,NA
"662",0.521973805923647,0.822637418075952,NA
"663",0.520966328545092,0.751375835733642,NA
"664",0.516881141521602,0.671066225953889,NA
"665",0.509287570548096,0.587073104280771,NA
"666",0.4976971921939,0.504790306047236,NA
"667",0.481587856544016,0.429311153801708,NA
"668",0.460428325261988,0.365133328900821,NA
"669",0.433702478115057,0.315918767670977,NA
"670",0.400932231283242,0.284325235776436,NA
"671",0.361698653007744,0.271921149636084,NA
"672",0.315660458999256,0.279188312362962,NA
"673",0.262570474386718,0.305610814060624,NA
"674",0.202288915807284,0.349839373923649,NA
"675",0.134794336648978,0.409914925472835,NA
"676",0.0601918418881597,0.483528799275714,NA
"677",-0.0212810646129708,0.568293829649403,NA
"678",-0.109251543065014,0.661999508719448,NA
"679",-0.203210312285968,0.762825966829127,NA
"680",-0.302513908119218,0.869495430104542,NA
"681",-0.406389061426289,0.981345734336035,NA
"682",-0.513939969808627,1.09831792418129,NA
"683",-0.624158537614875,1.22085856533686,NA
"684",-0.73593683301393,1.34974484140847,NA
"685",-0.848082655980568,1.4858500195406,NA
"686",-0.959337698527909,1.62987266580599,NA
"687",-1.06839714340144,1.78205580619251,NA
"688",-1.17393144652629,1.94192739113331,NA
"689",-1.27460902867834,2.10808959482127,NA
"690",-1.36911941848279,2.27808188788412,NA
"691",-1.45619636438043,2.44833690603708,NA
"692",-1.53464014632202,2.61423944943289,NA
"693",-1.60333861330709,2.77029051717094,NA
"694",-1.6612864614725,2.910368876727,NA
"695",-1.70760238757078,3.02807405479683,NA
"696",-1.74154404141363,3.11712781059849,NA
"697",-1.76252034569764,3.17180389389276,NA
"698",-1.77010129229729,3.18735381615111,NA
"699",-1.76402539412027,3.16039545584061,NA
"700",-1.74420516948584,3.08923351014872,NA
"701",-1.71072937586449,2.97407919046912,NA
"702",-1.66386379151104,2.81715438366689,NA
"703",-1.60404968182947,2.62266488839499,NA
"704",-1.53189980076197,2.39664010102397,NA
"705",-1.44819178667682,2.14664723999628,NA
"706",-1.35385953780339,1.88140019676282,NA
"707",-1.24998171299891,1.6102867653176,NA
"708",-1.13776691464328,1.3428461137988,NA
"709",-1.01853718184549,1.08823690081993,NA
"710",-0.893707358236448,0.854726831972927,NA
"711",-0.764762957867243,0.649245109083543,NA
"712",-0.633235318284699,0.477025150555875,NA
"713",-0.50067511075425,0.341363717938561,NA
"714",-0.368625004399845,0.24351272948392,NA
"715",-0.238592059691098,0.182709748670231,NA
"716",-0.112020794492652,0.156343052230014,NA
"717",0.00973219695174352,0.160236502571992,NA
"718",0.125421190714318,0.18902993700494,NA
"719",0.233930837919013,0.236623044941119,NA
"720",0.334292794112867,0.296646414509177,NA
"721",0.425696506096706,0.362920538813392,NA
"722",0.507497415821266,0.429867750325637,NA
"723",0.579219235594809,0.492844137117995,NA
"724",0.640553105307811,0.548369637767442,NA
"725",0.691352041169308,0.594240906627967,NA
"726",0.731622581249632,0.62952526192089,NA
"727",0.761513375935999,0.654442479038973,NA
"728",0.781301967065055,0.670152619533169,NA
"729",0.791379659473023,0.678474160502277,NA
"730",0.792235329214983,0.681563481935762,NA
"731",0.78443905320508,0.681589552608249,NA
"732",0.768625506278293,0.680435560415808,NA
"733",0.745476873594059,0.679455339099161,NA
"734",0.715707035889867,0.679309412494611,NA
"735",0.680045554641728,0.679892298943338,NA
"736",0.639222780036077,0.680357896932584,NA
"737",0.593955726627851,0.679237853118784,NA
"738",0.544935103169356,0.674640313559276,NA
"739",0.492813868515559,0.664509061144895,NA
"740",0.438197449173574,0.646917263362052,NA
"741",0.381636108712785,0.620367084430387,NA
"742",0.323619768207783,0.584065038712005,NA
"743",0.264575496224318,0.53814419625538,NA
"744",0.204867945231116,0.483808107570395,NA
"745",0.144802625179915,0.423377140853515,NA
"746",0.0846319870447167,0.360226196967383,NA
"747",0.0245638678960864,0.298612312510904,NA
"748",-0.0352282422423156,0.243401189427444,NA
"749",-0.0945938711474602,0.199711868989533,NA
"750",-0.15339404409694,0.172507614572219,NA
"751",-0.211490564541182,0.166167581787157,NA
"752",-0.268736968644557,0.184077291141016,NA
"753",-0.324972096173835,0.228276035732027,NA
"754",-0.38001681251447,0.299195973879598,NA
"755",-0.433674381554771,0.395521341851265,NA
"756",-0.485734436064838,0.514187016158536,NA
"757",-0.535980321976515,0.650524515029413,NA
"758",-0.584199150752178,0.798550696387042,NA
"759",-0.630193621835081,0.951380907801923,NA
"760",-0.673794290343261,1.10173495846621,NA
"761",-0.714871210787675,1.24249330928348,NA
"762",-0.753343318319884,1.36725217136191,NA
"763",-0.789184470663469,1.47082367810115,NA
"764",-0.822425126076345,1.54963023204798,NA
"765",-0.853148928726126,1.60195168295447,NA
"766",-0.881484079883528,1.62799967683753,NA
"767",-0.90758963873166,1.62981242343207,NA
"768",-0.931637591369965,1.61098378530401,NA
"769",-0.953791739509032,1.57625849233674,NA
"770",-0.974185032279114,1.53103921065994,NA
"771",-0.992897032770121,1.48085793524112,NA
"772",-1.0099335567334,1.43086472533848,NA
"773",-1.02521000452226,1.38537983891786,NA
"774",-1.03854029348047,1.34754607511316,NA
"775",-1.04963244589617,1.31910459802697,NA
"776",-1.05809166007537,1.30030529076452,NA
"777",-1.06343119483016,1.28995138619455,NA
"778",-1.06509061208093,1.28556815978442,NA
"779",-1.0624606531838,1.28367840893559,NA
"780",-1.05491324601107,1.28016065250966,NA
"781",-1.04183507075712,1.27066162166645,NA
"782",-1.02266248743838,1.25102993627147,NA
"783",-0.996916176571753,1.21773687743082,NA
"784",-0.964232603582549,1.16824737396307,NA
"785",-0.924392001639181,1.101311911189,NA
"786",-0.877339140063541,1.01714849525595,NA
"787",-0.823197880464253,0.917501330322357,NA
"788",-0.76227848870063,0.805568482098874,NA
"789",-0.695075733947584,0.685800780798075,NA
"790",-0.622261134299564,0.563593555742626,NA
"791",-0.544667074333542,0.444892325628833,NA
"792",-0.463266504447622,0.335749024305682,NA
"793",-0.379147524859096,0.241862122051941,NA
"794",-0.293484529571662,0.16813825318402,NA
"795",-0.207508898171489,0.118310751686107,NA
"796",-0.12247804542723,0.0946424290922064,NA
"797",-0.0396458362059014,0.0977368654005724,NA
"798",0.0397655743946822,0.126471943338889,NA
"799",0.114591588643269,0.178061047267874,NA
"800",0.183748335136248,0.248237602749695,NA
"801",0.246253038992866,0.331549415452729,NA
"802",0.301240459665948,0.421740285699203,NA
"803",0.347977832343127,0.51219120764555,NA
"804",0.385875192627956,0.596386538915737,NA
"805",0.414493490556613,0.668371004582505,NA
"806",0.433550473562609,0.723163734503562,NA
"807",0.442922267274399,0.757096870541497,NA
"808",0.442643878240615,0.768056451098392,NA
"809",0.432905523467652,0.755605720707466,NA
"810",0.414046775096628,0.720984102730139,NA
"811",0.386548507655662,0.666982829894239,NA
"812",0.351020358223918,0.597705802089174,NA
"813",0.308187859656585,0.518238357621212,NA
"814",0.258875582434285,0.434247483600112,NA
"815",0.203989217120727,0.351547588735509,NA
"816",0.144496040493182,0.275665706590133,NA
"817",0.0814041277544399,0.211440652851152,NA
"818",0.0157419960122726,0.162687708712108,NA
"819",-0.0514621615242214,0.131953637486949,NA
"820",-0.119200353665503,0.120379867035623,NA
"821",-0.186502718228178,0.127681703672673,NA
"822",-0.252454302711998,0.152241968856126,NA
"823",-0.316209584684837,0.191308050877972,NA
"824",-0.377004824012043,0.241273012981417,NA
"825",-0.434168147674291,0.298014831251431,NA
"826",-0.48712750887763,0.357263607751591,NA
"827",-0.535416583196607,0.414964809968482,NA
"828",-0.578678504368238,0.467607376805575,NA
"829",-0.616668565491835,0.512490687735052,NA
"830",-0.649253992845889,0.547907307604161,NA
"831",-0.676413284329155,0.57323135421737,NA
"832",-0.698233684387932,0.588907192125297,NA
"833",-0.714906232915169,0.596342796011781,NA
"834",-0.726719987744143,0.597723455993633,NA
"835",-0.734053277816656,0.595762887149485,NA
"836",-0.737364251994068,0.593419216552533,NA
"837",-0.737177556880649,0.593597371506497,NA
"838",-0.734070410242382,0.598868245334316,NA
"839",-0.728656073063127,0.611224817016434,NA
"840",-0.721565436139769,0.631895181640608,NA
"841",-0.713428145444605,0.661228074351892,NA
"842",-0.704852680890068,0.698657255944887,NA
"843",-0.696406791660158,0.742747342285546,NA
"844",-0.688598784288299,0.791315595880651,NA
"845",-0.681860677516613,0.841618634161669,NA
"846",-0.676533750246273,0.890586952188326,NA
"847",-0.672857265037721,0.935086578985253,NA
"848",-0.670960893953471,0.972184723895217,NA
"849",-0.670861006534352,0.99939576300485,NA
"850",-0.672461142739885,1.01488624962148,NA
"851",-0.675556369346637,1.01762084867173,NA
"852",-0.679841353462756,1.00743690042949,NA
"853",-0.684921680779785,0.985041588614227,NA
"854",-0.690327783052774,0.951932623736035,NA
"855",-0.695530848868519,0.910250391943499,NA
"856",-0.699960088009109,0.862575824371852,NA
"857",-0.703020721024652,0.811693275031372,NA
"858",-0.704111966688429,0.760340812268708,NA
"859",-0.702644811338071,0.710972160586752,NA
"860",-0.698058909990315,0.665552704033913,NA
"861",-0.689838449739002,0.625409135272327,NA
"862",-0.67752680447151,0.591146873822699,NA
"863",-0.6607397322775,0.562642422457925,NA
"864",-0.639176906961193,0.539110420997754,NA
"865",-0.61263184320301,0.519238207420854,NA
"866",-0.580999732830719,0.501373566614502,NA
"867",-0.5442833793401,0.483747255894096,NA
"868",-0.502596395920529,0.464707494362281,NA
"869",-0.456164016079402,0.442943868936135,NA
"870",-0.405320802163875,0.417677641195164,NA
"871",-0.350505109472226,0.388798895479244,NA
"872",-0.292251061421991,0.356935962413011,NA
"873",-0.231176347751968,0.323446593832252,NA
"874",-0.167968030066358,0.29033041705998,NA
"875",-0.103365538426692,0.260067298641812,NA
"876",-0.03814199582673,0.235395022892351,NA
"877",0.0269151816962623,0.219045557731112,NA
"878",0.0910237589470144,0.213463648889884,NA
"879",0.153424866359637,0.220533797545884,NA
"880",0.213399148276227,0.241341285958558,NA
"881",0.270279712777048,0.275990267652434,NA
"882",0.323461389232783,0.32349751166698,NA
"883",0.372405714396223,0.381774514245663,NA
"884",0.416641668593043,0.447704174293031,NA
"885",0.455762359285244,0.517311052345235,NA
"886",0.489418214730208,0.586016802212252,NA
"887",0.517308029541744,0.64896532622658,NA
"888",0.539168433310919,0.701394031996751,NA
"889",0.554763774011917,0.739022389669716,NA
"890",0.563877122131639,0.758423270836921,NA
"891",0.566304703632752,0.757342899102244,NA
"892",0.561853407525328,0.734935068858069,NA
"893",0.550343407848264,0.691885127166192,NA
"894",0.531615223253749,0.63040739357521,NA
"895",0.505541352880699,0.554114454165955,NA
"896",0.472042223845011,0.467770669605698,NA
"897",0.431104714720498,0.376953271623835,NA
"898",0.382801829896452,0.287653813577732,NA
"899",0.327311834284532,0.205856581956488,NA
"900",0.26493634896843,0.137130284153473,NA
"901",0.196112775593744,0.0862613830918323,NA
"902",0.121422515673719,0.0569547362539213,NA
"903",0.0415918409910541,0.0516157935639123,NA
"904",-0.0425143400774281,0.0712237410312126,NA
"905",-0.12990664415943,0.115298806931246,NA
"906",-0.219492573724876,0.181963280582361,NA
"907",-0.31010432962746,0.268092149275546,NA
"908",-0.400531636594172,0.369545538072318,NA
"909",-0.489558048205755,0.48147068124605,NA
"910",-0.575998286047176,0.598655166788884,NA
"911",-0.658735327878542,0.715908482972962,NA
"912",-0.736754268608838,0.828442575995146,NA
"913",-0.809172299753276,0.932221711529585,NA
"914",-0.875261870833969,1.02424931130405,NA
"915",-0.934467505806415,1.10276755824509,NA
"916",-0.9864147672535,1.16734972198468,NA
"917",-1.03091172687008,1.21887683135186,NA
"918",-1.06794283039329,1.25939953471347,NA
"919",-1.09765611142968,1.29189771511913,NA
"920",-1.12034589227011,1.3199617212419,NA
"921",-1.13642980116532,1.34741831129183,NA
"922",-1.14642433553572,1.37794005789358,NA
"923",-1.15091832019222,1.41466781861247,NA
"924",-1.15054636851338,1.45988057824759,NA
"925",-1.14596327872961,1.5147406829582,NA
"926",-1.13782027661934,1.57913645422658,NA
"927",-1.12674347008289,1.65163514453334,NA
"928",-1.11331560771823,1.7295518510845,NA
"929",-1.09806049501801,1.80912658619772,NA
"930",-1.08143066631497,1.88579557952789,NA
"931",-1.06379801628058,1.95453322887496,NA
"932",-1.04544734102658,2.01023616858669,NA
"933",-1.02657251906559,2.04811754068933,NA
"934",-1.00727529093687,2.06407991409085,NA
"935",-0.987566453802832,2.05503748665359,NA
"936",-0.967369352498838,2.01916311303968,NA
"937",-0.946525713700404,1.95604252615482,NA
"938",-0.924803628482068,1.86672529524205,NA
"939",-0.901907758579606,1.7536708182597,NA
"940",-0.877491407937201,1.62059502559967,NA
"941",-0.851170560537502,1.4722319358726,NA
"942",-0.822539259418485,1.31402931532722,NA
"943",-0.791186154794014,1.15180331118235,NA
"944",-0.756711707665017,0.99137900514569,NA
"945",-0.718745395616387,0.838244043050691,NA
"946",-0.676962454435032,0.697240919264497,NA
"947",-0.631099554651452,0.572319289363581,NA
"948",-0.580968846272491,0.466364107548717,NA
"949",-0.526469993060087,0.381108855917115,NA
"950",-0.467599740403301,0.31713570138163,NA
"951",-0.40445895125985,0.273957575374197,NA
"952",-0.337256899828112,0.250170248583101,NA
"953",-0.26631291616504,0.243657164387106,NA
"954",-0.192055584845977,0.251825734763734,NA
"955",-0.115019590829282,0.27185160190581,NA
"956",-0.0358405448706388,0.300907672809252,NA
"957",0.0447520112636875,0.336357136069698,NA
"958",0.125943130660124,0.375894387754351,NA
"959",0.206842463032869,0.41762420923009,NA
"960",0.286495605184407,0.460077051810228,NA
"961",0.363896764050276,0.502165816497136,NA
"962",0.438002769783068,0.543096233762793,NA
"963",0.507748535961256,0.582248034238817,NA
"964",0.57206390095804,0.619046774179995,NA
"965",0.629891926030049,0.652846642397808,NA
"966",0.680208552195235,0.682842525788332,NA
"967",0.722043231194322,0.70802534753606,NA
"968",0.754500343249381,0.727189635600573,NA
"969",0.776780827078488,0.738995733979044,NA
"970",0.788203043856698,0.742082089248781,NA
"971",0.788223277908271,0.735219255230954,NA
"972",0.776453131950889,0.717487273123246,NA
"973",0.752674635859281,0.688459880053207,NA
"974",0.716852550626005,0.64837488444112,NA
"975",0.669140913933513,0.598266285552048,NA
"976",0.609886806008892,0.540044794023383,NA
"977",0.539627695437805,0.476507506867803,NA
"978",0.459084992615244,0.411272168704361,NA
"979",0.369152580496862,0.34863238732266,NA
"980",0.270880595951168,0.293339724339829,NA
"981",0.165456490547851,0.250326330322646,NA
"982",0.0541819015181293,0.224384844325347,NA
"983",-0.0615512882725878,0.219829851949319,NA
"984",-0.180287712466786,0.24016520192158,NA
"985",-0.300535063228296,0.287784379840792,NA
"986",-0.420790687986263,0.36372837308924,NA
"987",-0.539567721889678,0.467523053842214,NA
"988",-0.655419931318837,0.597112603872303,NA
"989",-0.766964986471471,0.748898839610022,NA
"990",-0.872905865004965,0.917888482447054,NA
"991",-0.972050221669149,1.09794222231641,NA
"992",-1.0633273584626,1.28211089165631,NA
"993",-1.14580252625759,1.46303679697995,NA
"994",-1.21868921852894,1.63339482115973,NA
"995",-1.28135752257829,1.7863385927446,NA
"996",-1.33333988896531,1.91592260600937,NA
"997",-1.37433357087973,2.01746798359992,NA
"998",-1.40419903843019,2.0878423420381,NA
"999",-1.42295530199671,2.12563398314609,NA
"1000",-1.4307702229823,2.13120005519646,NA
